﻿<xml xmlns:s="uuid:BDC6E3F0-6DA3-11d1-A2A3-00AA00C14882"
 xmlns:dt="uuid:C2F41010-65B3-11d1-A29F-00AA00C14882"
 xmlns:rs="urn:schemas-microsoft-com:rowset"
 xmlns:z="#RowsetSchema">
<s:Schema id="RowsetSchema">
<s:ElementType name="row" content="eltOnly" rs:updatable="true">
<s:AttributeType name="Cls" rs:number="0">
<s:datatype dt:type="string"/>
</s:AttributeType>
<s:AttributeType name="Sev" rs:number="1">
<s:datatype dt:type="int"/>
</s:AttributeType>
<s:AttributeType name="Maj" rs:number="2">
<s:datatype dt:type="string"/>
</s:AttributeType>
<s:AttributeType name="Min" rs:number="3">
<s:datatype dt:type="string"/>
</s:AttributeType>
<s:AttributeType name="LN" rs:number="4">
<s:datatype dt:type="int"/>
</s:AttributeType>
<s:AttributeType name="Fil" rs:number="5">
<s:datatype dt:type="string"/>
</s:AttributeType>
<s:AttributeType name="Fun" rs:number="6">
<s:datatype dt:type="string"/>
</s:AttributeType>
<s:AttributeType name="Uid" rs:number="7">
<s:datatype dt:type="int"/>
</s:AttributeType>
<s:AttributeType name="Msg" rs:number="8">
<s:datatype dt:type="string"/>
</s:AttributeType>
<s:AttributeType name="PID" rs:number="9">
<s:datatype dt:type="int"/>
</s:AttributeType>
<s:AttributeType name="TID" rs:number="10">
<s:datatype dt:type="int"/>
</s:AttributeType>
<s:AttributeType name="Con" rs:number="11">
<s:datatype dt:type="string"/>
</s:AttributeType>
<s:AttributeType name="Exe" rs:number="12">
<s:datatype dt:type="string"/>
</s:AttributeType>
<s:AttributeType name="Mod" rs:number="13">
<s:datatype dt:type="string"/>
</s:AttributeType>
<s:AttributeType name="Err" rs:number="14">
<s:datatype dt:type="int"/>
</s:AttributeType>
<s:AttributeType name="MD" rs:number="15">
<s:datatype dt:type="hexBinary"/>
</s:AttributeType>
<s:AttributeType name="DT" rs:number="16">
<s:datatype dt:type="dateTime"/>
</s:AttributeType>
</s:ElementType>
</s:Schema>
<rs:data>
<z:row Cls="D" Sev="50331648" Maj="Def" Min="Def" LN="70" Fil="" Fun="DetermineIfReRegisterOnUpgrade" Uid="51314688" Msg="DetermineIfReRegisterOnUpgrade: setupApplicationsKey.Open() failed 0x80070002, assuming Yes" PID="1324" TID="1328" Con="" Exe="C:\Windows\system32\oobe\setup.exe" Mod="AppxSysprep.dll" Err="0" MD="" DT="2022-07-31T22:36:13"/>
<z:row Cls="D" Sev="50331648" Maj="Def" Min="Def" LN="129" Fil="" Fun="EnsureStagedKeyReflectsWindowsAppsFolder" Uid="51314688" Msg="Ignoring folder Deleted because could not convert to family name" PID="1324" TID="1328" Con="" Exe="C:\Windows\system32\oobe\setup.exe" Mod="AppxSysprep.dll" Err="0" MD="" DT="2022-07-31T22:36:13"/>
<z:row Cls="D" Sev="50331648" Maj="Def" Min="Def" LN="129" Fil="" Fun="EnsureStagedKeyReflectsWindowsAppsFolder" Uid="51314688" Msg="Ignoring folder MovedPackages because could not convert to family name" PID="1324" TID="1328" Con="" Exe="C:\Windows\system32\oobe\setup.exe" Mod="AppxSysprep.dll" Err="0" MD="" DT="2022-07-31T22:36:13"/>
<z:row Cls="D" Sev="50331648" Maj="Def" Min="Def" LN="129" Fil="" Fun="EnsureStagedKeyReflectsWindowsAppsFolder" Uid="51314688" Msg="Ignoring folder Mutable because could not convert to family name" PID="1324" TID="1328" Con="" Exe="C:\Windows\system32\oobe\setup.exe" Mod="AppxSysprep.dll" Err="0" MD="" DT="2022-07-31T22:36:13"/>
<z:row Cls="D" Sev="50331648" Maj="Def" Min="Def" LN="129" Fil="" Fun="EnsureStagedKeyReflectsWindowsAppsFolder" Uid="51314688" Msg="Ignoring folder MutableBackup because could not convert to family name" PID="1324" TID="1328" Con="" Exe="C:\Windows\system32\oobe\setup.exe" Mod="AppxSysprep.dll" Err="0" MD="" DT="2022-07-31T22:36:13"/>
<z:row Cls="D" Sev="50331648" Maj="Def" Min="Def" LN="310" Fil="" Fun="AppxSysprepSpecializeOnline" Uid="51314688" Msg="Failed to pre-register package Microsoft.MicrosoftEdge.Stable_92.0.902.67_neutral__8wekyb3d8bbwe: 0x80070032." PID="1324" TID="1328" Con="" Exe="C:\Windows\system32\oobe\setup.exe" Mod="AppxSysprep.dll" Err="0" MD="" DT="2022-07-31T22:37:03"/>
<z:row Cls="D" Sev="50331648" Maj="Def" Min="Def" LN="1821" Fil="" Fun="SpecializeBcdStore" Uid="51249152" Msg="SpecializeBcdStore: The /detecthal switch could not be removed because it was not found." PID="1324" TID="1328" Con="" Exe="C:\Windows\system32\oobe\setup.exe" Mod="spbcd.dll" Err="0" MD="" DT="2022-07-31T22:37:43"/>
<z:row Cls="D" Sev="50331648" Maj="Def" Min="Def" LN="470" Fil="" Fun="UnattendLogWV" Uid="50331648" Msg="[setup.exe] read xml file (\Recovery\ReAgentOld.xml) failed: 0x2" PID="1324" TID="1328" Con="" Exe="C:\Windows\system32\oobe\setup.exe" Mod="reagent.dll" Err="0" MD="" DT="2022-07-31T22:37:43"/>
<z:row Cls="D" Sev="50331648" Maj="Def" Min="Def" LN="470" Fil="" Fun="UnattendLogWV" Uid="50331648" Msg="[setup.exe] ReAgentXMLParser::ParseConfigFile failed to read config xml file (0x2) in file base\diagnosis\srt\reagent2\reinfo\parser_2.0.cpp line 784" PID="1324" TID="1328" Con="" Exe="C:\Windows\system32\oobe\setup.exe" Mod="reagent.dll" Err="0" MD="" DT="2022-07-31T22:37:43"/>
<z:row Cls="D" Sev="50331648" Maj="Def" Min="Def" LN="470" Fil="" Fun="UnattendLogWV" Uid="50331648" Msg="[setup.exe] ReAgentXMLParser::ParseConfigFile (xml file: \Recovery\ReAgentOld.xml) returning 0x2" PID="1324" TID="1328" Con="" Exe="C:\Windows\system32\oobe\setup.exe" Mod="reagent.dll" Err="0" MD="" DT="2022-07-31T22:37:43"/>
<z:row Cls="D" Sev="50331648" Maj="Def" Min="Def" LN="470" Fil="" Fun="UnattendLogWV" Uid="50331648" Msg="[setup.exe] MeetPartitionRequirements Not enough free space req = 503632335 avail = 454893568 offset = 17825792 " PID="1324" TID="1328" Con="" Exe="C:\Windows\system32\oobe\setup.exe" Mod="reagent.dll" Err="0" MD="" DT="2022-07-31T22:37:43"/>
<z:row Cls="D" Sev="50331648" Maj="Def" Min="Def" LN="470" Fil="" Fun="UnattendLogWV" Uid="50331648" Msg="[setup.exe] Recovery file not found at C:\Windows\system32\Recovery\ReCustomization.xml" PID="1324" TID="1328" Con="" Exe="C:\Windows\system32\oobe\setup.exe" Mod="reagent.dll" Err="0" MD="" DT="2022-07-31T22:37:48"/>
<z:row Cls="D" Sev="50331648" Maj="Def" Min="Def" LN="470" Fil="" Fun="UnattendLogWV" Uid="50331648" Msg="[setup.exe] winreBackupRecoveryFile (C:\Windows\system32\Recovery\ReCustomization.xml, ReCustomization.xml) failed, Err: 2" PID="1324" TID="1328" Con="" Exe="C:\Windows\system32\oobe\setup.exe" Mod="reagent.dll" Err="0" MD="" DT="2022-07-31T22:37:48"/>
</rs:data>
</xml>
