<?xml version='1.0' encoding='utf-8'?>
<unattend xmlns="urn:schemas-microsoft-com:unattend">
<settings pass="windowsPE">
<component name="Microsoft-Windows-Setup" processorArchitecture="amd64" publicKeyToken="31bf3856ad364e35" language="neutral" versionScope="nonSxS">
<PageFile>
<Path xmlns:msxsl="urn:schemas-microsoft-com:xslt" xmlns:rdfe="http://schemas.microsoft.com/2009/05/WindowsAzure/ServiceManagement" xmlns:wa="http://schemas.microsoft.com/windowsazure">D:\pagefile.sys</Path>
<Size xmlns:msxsl="urn:schemas-microsoft-com:xslt" xmlns:rdfe="http://schemas.microsoft.com/2009/05/WindowsAzure/ServiceManagement" xmlns:wa="http://schemas.microsoft.com/windowsazure">0</Size>
</PageFile>
</component>
</settings>
<settings pass="offlineServicing">
<component name="Microsoft-Windows-PartitionManager" processorArchitecture="amd64" publicKeyToken="31bf3856ad364e35" language="neutral" versionScope="nonSxS">
<SanPolicy>1</SanPolicy>
</component>
</settings>
<settings pass="generalize">
<component name="Microsoft-Windows-Security-SPP" processorArchitecture="amd64" publicKeyToken="31bf3856ad364e35" language="neutral" versionScope="nonSxS" xmlns:wcm="http://schemas.microsoft.com/WMIConfig/2002/State" xmlns:xsi="http://www.w3.org/2001/XMLSchema-instance">
<SkipRearm>1</SkipRearm>
</component>
<component name="Microsoft-Windows-PnpSysprep" processorArchitecture="amd64" publicKeyToken="31bf3856ad364e35" language="neutral" versionScope="nonSxS" xmlns:wcm="http://schemas.microsoft.com/WMIConfig/2002/State" xmlns:xsi="http://www.w3.org/2001/XMLSchema-instance">
<PersistAllDeviceInstalls>true</PersistAllDeviceInstalls>
<DoNotCleanUpNonPresentDevices>false</DoNotCleanUpNonPresentDevices>
</component>
</settings>
<settings pass="specialize" wasPassProcessed="true">
<component name="Microsoft-Windows-TerminalServices-LocalSessionManager" processorArchitecture="amd64" publicKeyToken="31bf3856ad364e35" language="neutral" versionScope="nonSxS" xmlns:wcm="http://schemas.microsoft.com/WMIConfig/2002/State" xmlns:xsi="http://www.w3.org/2001/XMLSchema-instance">
<fDenyTSConnections>false</fDenyTSConnections>
</component>
<component name="Networking-MPSSVC-Svc" processorArchitecture="amd64" publicKeyToken="31bf3856ad364e35" language="neutral" versionScope="nonSxS" xmlns:wcm="http://schemas.microsoft.com/WMIConfig/2002/State" xmlns:xsi="http://www.w3.org/2001/XMLSchema-instance">
<FirewallGroups>
<FirewallGroup wcm:action="add" wcm:keyValue="@FirewallAPI.dll,-28752">
<Active>true</Active>
<Group>@FirewallAPI.dll,-28752</Group>
<Profile>all</Profile>
</FirewallGroup>
</FirewallGroups>
</component>
<component name="Microsoft-Windows-Shell-Setup" processorArchitecture="amd64" publicKeyToken="31bf3856ad364e35" language="neutral" versionScope="nonSxS" xmlns:wcm="http://schemas.microsoft.com/WMIConfig/2002/State" xmlns:xsi="http://www.w3.org/2001/XMLSchema-instance">
<TimeZone xmlns:msxsl="urn:schemas-microsoft-com:xslt" xmlns:rdfe="http://schemas.microsoft.com/2009/05/WindowsAzure/ServiceManagement" xmlns:wa="http://schemas.microsoft.com/windowsazure">UTC</TimeZone>
<ComputerName xmlns:msxsl="urn:schemas-microsoft-com:xslt" xmlns:rdfe="http://schemas.microsoft.com/2009/05/WindowsAzure/ServiceManagement" xmlns:wa="http://schemas.microsoft.com/windowsazure">Akmal</ComputerName>
</component>
<component name="Microsoft-Windows-Deployment" processorArchitecture="amd64" publicKeyToken="31bf3856ad364e35" language="neutral" versionScope="nonSxS" xmlns:wcm="http://schemas.microsoft.com/WMIConfig/2002/State" xmlns:xsi="http://www.w3.org/2001/XMLSchema-instance">
<RunSynchronous>
<RunSynchronousCommand wcm:action="add">
<Order>1</Order>
<Description>Execute Install.cmd</Description>
<Path>cmd.exe /c "(for %1 in (z y x w v u t s r q p o n m l k j i h g f e d c b a) do @(DIR %1:\ 1&gt;NUL 2&gt;&amp;1 &amp;&amp; if exist %1:\E6DA6616-8EC4-48E0-BE93-58CE6ACE3CFB.tag (%1:\Install.cmd &amp; exit))) &amp; exit 3"</Path>
<WillReboot>OnRequest</WillReboot>
</RunSynchronousCommand>
<RunSynchronousCommand wcm:action="add">
<Order>2</Order>
<Description>Execute the Provisioning Agent</Description>
<Path>cmd.exe /c "if exist %SystemRoot%\OEM\Unattend.wsf ( cscript %SystemRoot%\OEM\Unattend.wsf //Job:setup //NoLogo //B /ConfigurationPass:specialize ) else ( %SystemRoot%\OEM\provision.cmd &gt;&gt;%SystemRoot%\Panther\WaSetup.log 2&gt;&amp;1 )"</Path>
<WillReboot>OnRequest</WillReboot>
</RunSynchronousCommand>
</RunSynchronous>
</component>
</settings>
<settings pass="oobeSystem" wasPassProcessed="true">
<component name="Microsoft-Windows-Shell-Setup" processorArchitecture="amd64" publicKeyToken="31bf3856ad364e35" language="neutral" versionScope="nonSxS" xmlns:wcm="http://schemas.microsoft.com/WMIConfig/2002/State" xmlns:xsi="http://www.w3.org/2001/XMLSchema-instance">
<OOBE>
<SkipMachineOOBE>true</SkipMachineOOBE>
<SkipUserOOBE>true</SkipUserOOBE>
</OOBE>
<UserAccounts>
<AdministratorPassword xmlns:msxsl="urn:schemas-microsoft-com:xslt" xmlns:rdfe="http://schemas.microsoft.com/2009/05/WindowsAzure/ServiceManagement" xmlns:wa="http://schemas.microsoft.com/windowsazure">*SENSITIVE*DATA*DELETED*</AdministratorPassword>
</UserAccounts>
</component>
</settings>
</unattend>