<?xml version="1.0"?>
<RDConfig xmlns:xsd="http://www.w3.org/2001/XMLSchema" xmlns:xsi="http://www.w3.org/2001/XMLSchema-instance" version="1.0.0.0">
  <StoredCertificates>
    <StoredCertificate name="TenantEncryptionCert" certificateId="sha1:6BDB7374D119D9EA908531499F13FB338B592F54" storeName="My" configurationLevel="System" />
  </StoredCertificates>
  <Deployment name="0e5ee908-751b-4d0e-9673-fcc0f8a0f0c3" incarnation="0" guid="{ed1efd4e-8b79-4639-be51-eb7d8ceb9ab7}" isNonCancellableTopologyChangeEnabled="false">
    <Service name="__AkmalService" guid="{00000000-0000-0000-0000-000000000000}" />
    <ServiceInstance name="0e5ee908-751b-4d0e-9673-fcc0f8a0f0c3.0" guid="{c6df6043-c0c6-4c46-a7ea-0321cf70ab1d}" />
  </Deployment>
  <Incarnation number="1" instance="_Akmal" guid="{6f82d0e2-0a7f-42ae-a394-b4c5d382adb5}" />
  <Role guid="{1df6eb27-3d89-6c2e-4794-ca5ac14d6d56}" name="_Akmal" software="" softwareType="ApplicationPackage" entryPoint="" parameters="" />
  <HostingEnvironmentSettings name="full" Runtime="rd_fabric_stable_dhf5.150807-2320.RuntimePackage_1.0.0.14.zip">
    <CAS mode="full" />
    <PrivilegeLevel mode="max" />
    <AdditionalProperties>
      <CgiHandlers>
      </CgiHandlers>
    </AdditionalProperties>
  </HostingEnvironmentSettings>
  <ApplicationSettings>
    <Setting name="ProvisionCertificate|TenantEncryptionCert" value="sha1:6BDB7374D119D9EA908531499F13FB338B592F54" />
  </ApplicationSettings>
  <OutputEndpoints />
  <Instances>
    <Instance id="_Akmal" address="10.15.0.4">
      <FaultDomains randomID="0" updateID="0" updateCount="0" />
      <InputEndpoints />
    </Instance>
  </Instances>
  <GuestAgentExtension>
    <GAFamilies>
      <GAFamily>
        <Name>Win7</Name>
        <Uris>
          <Uri>https://umsahpshkqr1dbjhsntw.blob.core.windows.net/94aa54c8-fa97-60bf-6426-fc691f622cd6/94aa54c8-fa97-60bf-6426-fc691f622cd6_manifest.xml</Uri>
          <Uri>https://umsaqd1gztdvgpg4nx5m.blob.core.windows.net/94aa54c8-fa97-60bf-6426-fc691f622cd6/94aa54c8-fa97-60bf-6426-fc691f622cd6_manifest.xml</Uri>
          <Uri>https://umsapm3szbf3rghws1zj.blob.core.windows.net/94aa54c8-fa97-60bf-6426-fc691f622cd6/94aa54c8-fa97-60bf-6426-fc691f622cd6_manifest.xml</Uri>
        </Uris>
      </GAFamily>
      <GAFamily>
        <Name>Win8</Name>
        <Uris>
          <Uri>https://umsahpshkqr1dbjhsntw.blob.core.windows.net/94aa54c8-fa97-60bf-6426-fc691f622cd6/94aa54c8-fa97-60bf-6426-fc691f622cd6_manifest.xml</Uri>
          <Uri>https://umsaqd1gztdvgpg4nx5m.blob.core.windows.net/94aa54c8-fa97-60bf-6426-fc691f622cd6/94aa54c8-fa97-60bf-6426-fc691f622cd6_manifest.xml</Uri>
          <Uri>https://umsapm3szbf3rghws1zj.blob.core.windows.net/94aa54c8-fa97-60bf-6426-fc691f622cd6/94aa54c8-fa97-60bf-6426-fc691f622cd6_manifest.xml</Uri>
        </Uris>
      </GAFamily>
    </GAFamilies>
  </GuestAgentExtension>
  <StatusUploadBlob statusBlobType="PageBlob">https://md-t5nkx0fnjftf.z41.blob.storage.azure.net/$system/Akmal.73a1c18b-34b9-4aea-b8a7-4755844a79dd.status?sv=2018-03-28&amp;sr=b&amp;sk=system-1&amp;sig=2aWpyvBO43wfZNp5uNuh5n6IeiW%2bhcAzjO1oKh2ty8Y%3d&amp;se=9999-01-01T00%3a00%3a00Z&amp;sp=w</StatusUploadBlob>
  <InVMArtifactsProfileBlob>https://md-t5nkx0fnjftf.z41.blob.storage.azure.net/$system/Akmal.73a1c18b-34b9-4aea-b8a7-4755844a79dd.vmSettings?sv=2018-03-28&amp;sr=b&amp;sk=system-1&amp;sig=TwHiffl2UOJHJnnI3AqtQ%2bpa%2bwVal87wel9N%2buelwBI%3d&amp;se=9999-01-01T00%3a00%3a00Z&amp;sp=r</InVMArtifactsProfileBlob>
  <InVMGoalStateMetaData InSvdSeqNo="1" CreatedOnTicks="637949289454057828" ActivityId="d2ac9705-8108-4d50-a350-4e9410c22635" CorrelationId="b6413c34-a196-441d-ac8d-ccf2c5903c85" />
</RDConfig>