<Root Registry="SOFTWARE\Microsoft\Virtual Machine\Guest" Time="8/4/2022 12:54:26 PM">
  <_Parameters>
    <Value HostName="YTO211060706020" />
    <Value HostingSystemEditionId="168" />
    <Value HostingSystemNestedLevel="0" />
    <Value HostingSystemOsMajor="10" />
    <Value HostingSystemOsMinor="0" />
    <Value HostingSystemProcessorArchitecture="9" />
    <Value HostingSystemProcessorIdleStateMax="0" />
    <Value HostingSystemProcessorThrottleMax="100" />
    <Value HostingSystemProcessorThrottleMin="100" />
    <Value HostingSystemSpMajor="0" />
    <Value HostingSystemSpMinor="0" />
    <Value PhysicalHostName="YTO211060706020" />
    <Value PhysicalHostNameFullyQualified="YTO211060706020" />
    <Value VirtualMachineDynamicMemoryBalancingEnabled="0" />
    <Value VirtualMachineId="61D89CA5-BC9B-42BD-9F84-96E9C3911BE9" />
    <Value VirtualMachineName="92d1cde2-b647-4219-99aa-c9b324dd46b6" />
  </_Parameters>
  <Value SessionMonitor="VmbusSessionMonitor" />
  <Value specialize_PA_StartTime="2022-08-01T05:37:55.904Z" />
  <Value provisioning_PA_MediaIdentifier="170741f7-4cf9-f36f-3a33-d6493c60b554" />
  <Value specialize_PA_Version="1.0.9.111" />
  <Value specialize_PA_Preprovision="False" />
  <Value specialize_PA_OfflinedFlags="255" />
  <Value specialize_PA_OfflinedTag="" />
  <Value specialize_PA_EffectiveOfflinedFlags="255" />
  <Value provisioning_PA_ProvisionState="Provisioned" />
  <Value PA_specialize_1_ConfigurePageFile="Called=2022-08-01T05:37:55.982Z;Returned=2022-08-01T05:37:56.014Z;ErrorCode=0" />
  <Value provisioning_PA_PageFileChanged="0" />
  <Value PA_specialize_2_ConfigureBootStatusPolicy="Called=2022-08-01T05:37:56.014Z;Returned=2022-08-01T05:37:56.014Z;ErrorCode=0" />
  <Value PA_specialize_3_ConfigureTimeSettings="Called=2022-08-01T05:37:56.014Z;Returned=2022-08-01T05:37:56.014Z;ErrorCode=0" />
  <Value PA_specialize_4_ConfigureSanPolicy="Called=2022-08-01T05:37:56.014Z;Returned=2022-08-01T05:37:56.014Z;ErrorCode=0" />
  <Value provisioning_PA_SanPolicyChanged="0" />
  <Value PA_specialize_5_ConfigureRdpKeepAlive="Called=2022-08-01T05:37:56.014Z;Returned=2022-08-01T05:37:56.014Z;ErrorCode=0" />
  <Value PA_specialize_6_CopyCustomData="Called=2022-08-01T05:37:56.014Z;Returned=2022-08-01T05:37:56.014Z;ErrorCode=0" />
  <Value PA_specialize_7_CopyTempDriveWarningReadme="Called=2022-08-01T05:37:56.014Z;Returned=2022-08-01T05:37:56.014Z;ErrorCode=0" />
  <Value PA_specialize_8_EjectIso="Called=2022-08-01T05:37:56.014Z;Returned=2022-08-01T05:37:56.061Z;ErrorCode=0" />
  <Value specialize_PA_TickCount="117734" />
  <Value specialize_PA_CompletionTime="2022-08-01T05:37:56.061Z" />
  <Value oobeSystem_PA_StartTime="2022-08-01T05:38:05.625Z" />
  <Value oobeSystem_PA_ContainerId="92d1cde2-b647-4219-99aa-c9b324dd46b6" />
  <Value oobeSystem_PA_OSVersion="Windows 10 Pro 19041.1.amd64fre.vb_release.191206-1406" />
  <Value oobeSystem_PA_Preprovision="False" />
  <Value oobeSystem_PA_OfflinedFlags="255" />
  <Value oobeSystem_PA_OfflinedTag="" />
  <Value oobeSystem_PA_EffectiveOfflinedFlags="255" />
  <Value PA_oobeSystem_0_ConfigureAdministratorUsername="Called=2022-08-01T05:38:05.812Z;Returned=2022-08-01T05:38:06.031Z;ErrorCode=0" />
  <Value provisioning_PA_DiscoverWireServer="-1" />
  <Value oobeSystem_PA_WireServer_Discovery="[2022-08-01T05:38:06.140Z]: [DiscoverWireserver] Discover the WireServer address for the first time: 168.63.129.16" />
  <Value oobeSystem_PA_WireServer_Address="168.63.129.16" />
  <Value PA_oobeSystem_WireServer_1_GET_Versions="Called=2022-08-01T05:38:06.171Z;Returned=2022-08-01T05:38:06.265Z;StatusCode=200;Attempts=1" />
  <Value PA_oobeSystem_WireServer_2_GET_goalState="Called=2022-08-01T05:38:06.328Z;Returned=2022-08-01T05:38:06.359Z;StatusCode=200;Attempts=1" />
  <Value oobeSystem_PA_FirstGoodGoalStateTime="2022-08-01T05:38:06.390Z" />
  <Value PA_oobeSystem_1_InitializeGuest="Called=2022-08-01T05:38:06.046Z;Returned=2022-08-01T05:38:06.421Z;ErrorCode=0" />
  <Value PA_oobeSystem_2_RunAzSecAgent="Called=2022-08-01T05:38:06.437Z;Returned=2022-08-01T05:38:06.828Z;ErrorCode=0" />
  <Value PA_oobeSystem_WireServer_3_GET_config="Called=2022-08-01T05:38:06.921Z;Returned=2022-08-01T05:38:06.984Z;StatusCode=200;Attempts=1" />
  <Value PA_oobeSystem_WireServer_4_GET_certificates="Called=2022-08-01T05:38:07.625Z;Returned=2022-08-01T05:38:07.703Z;StatusCode=200;Attempts=1" />
  <Value PA_oobeSystem_3_ConfigureCertificates="Called=2022-08-01T05:38:06.843Z;Returned=2022-08-01T05:38:08.078Z;ErrorCode=0" />
  <Value PA_oobeSystem_4_ConfigureWinRm="Called=2022-08-01T05:38:08.109Z;Returned=2022-08-01T05:38:08.171Z;ErrorCode=0" />
  <Value PA_oobeSystem_5_ConfigureBCD="Called=2022-08-01T05:38:08.203Z;Returned=2022-08-01T05:38:08.234Z;ErrorCode=0" />
  <Value PA_oobeSystem_6_ConfigureRecoveryEnabled="Called=2022-08-01T05:38:08.265Z;Returned=2022-08-01T05:38:08.500Z;ErrorCode=0" />
  <Value PA_oobeSystem_7_ConfigureTimeService="Called=2022-08-01T05:38:08.531Z;Returned=2022-08-01T05:38:08.546Z;ErrorCode=0" />
  <Value PA_oobeSystem_8_ConfigureLicensing="Called=2022-08-01T05:38:08.578Z;Returned=2022-08-01T05:38:09.218Z;ErrorCode=0" />
  <Value PA_oobeSystem_WireServer_5_POST_roleProperties="Called=2022-08-01T05:38:09.546Z;Returned=2022-08-01T05:38:09.609Z;StatusCode=202;Attempts=1" />
  <Value oobeSystem_PA_CertAquisition="[2022-08-01T05:38:09.640Z]: [GetRdpCertificateThumbprint] Cert thumprint is: 7D327D513C55886BABA3AEEC2787B23B594B5F38" />
  <Value PA_oobeSystem_9_UpdateRDPCertificateThumbprint="Called=2022-08-01T05:38:09.250Z;Returned=2022-08-01T05:38:09.656Z;ErrorCode=0" />
  <Value PA_oobeSystem_10_ConfigureAutomaticUpdates="Called=2022-08-01T05:38:09.671Z;Returned=2022-08-01T05:38:09.875Z;ErrorCode=0" />
  <Value PA_oobeSystem_11_SetScreenAlwaysOn="Called=2022-08-01T05:38:09.906Z;Returned=2022-08-01T05:38:09.921Z;ErrorCode=0" />
  <Value PA_oobeSystem_12_DeleteOfflinedFlags="Called=2022-08-01T05:38:09.937Z;Returned=2022-08-01T05:38:09.984Z;ErrorCode=0" />
  <Value provisioning_PA_TickCount="130859" />
  <Value provisioning_PA_CompletionTime="2022-08-01T05:38:10.078Z" />
  <Value PA_oobeSystem_WireServer_6_POST_health="Called=2022-08-01T05:38:10.203Z;Returned=2022-08-01T05:38:10.437Z;StatusCode=200;Attempts=1" />
  <Value PA_oobeSystem_15_ReportReady="Called=2022-08-01T05:38:10.140Z;Returned=2022-08-01T05:38:10.484Z;ErrorCode=0" />
  <Value PA_oobeSystem_95_ConfigureGuestAgentService_0_VerifyOsRequirements="Called=2022-08-01T05:38:10.562Z;Returned=2022-08-01T05:38:10.609Z;ErrorCode=0" />
  <Value PA_oobeSystem_95_ConfigureGuestAgentService_1_CheckServiceInstalled="Called=2022-08-01T05:38:10.625Z;Returned=2022-08-01T05:38:10.718Z;ErrorCode=0" />
  <Value PA_oobeSystem_95_ConfigureGuestAgentService_3_CheckServiceInstalledForWindosAzureGuestAgent="Called=2022-08-01T05:38:10.734Z;Returned=2022-08-01T05:38:10.843Z;ErrorCode=0" />
  <Value PA_oobeSystem_95_ConfigureGuestAgentService_4_CheckServiceInstalledAzureTelemetryService="Called=2022-08-01T05:38:10.859Z;Returned=2022-08-01T05:38:10.968Z;ErrorCode=0" />
  <Value PA_oobeSystem_95_ConfigureGuestAgentService_8_StopEventTrace="Called=2022-08-01T05:38:10.984Z;Returned=2022-08-01T05:38:11.703Z;ErrorCode=0" />
  <Value PA_oobeSystem_95_ConfigureGuestAgentService_9_DeleteEventTrace="Called=2022-08-01T05:38:11.718Z;Returned=2022-08-01T05:38:12.046Z;ErrorCode=0" />
  <Value PA_oobeSystem_95_ConfigureGuestAgentService_10_UnzipGuestAgentPackage="Called=2022-08-01T05:38:12.062Z;Returned=2022-08-01T05:38:16.218Z;ErrorCode=0" />
  <Value PA_oobeSystem_95_ConfigureGuestAgentService_11_ConfigureRdAgentService="Called=2022-08-01T05:38:16.234Z;Returned=2022-08-01T05:38:16.359Z;ErrorCode=0" />
  <Value PA_oobeSystem_95_ConfigureGuestAgentService_12_SetVmTypeInRegistry="Called=2022-08-01T05:38:16.390Z;Returned=2022-08-01T05:38:16.937Z;ErrorCode=0" />
  <Value PA_oobeSystem_95_ConfigureGuestAgentService_13_SetGAParamsInRegistry="Called=2022-08-01T05:38:17.000Z;Returned=2022-08-01T05:38:17.187Z;ErrorCode=0" />
  <Value PA_oobeSystem_95_ConfigureGuestAgentService_14_ValidDotNetVersionExists="Called=2022-08-01T05:38:17.265Z;Returned=2022-08-01T05:38:17.484Z;ErrorCode=0" />
  <Value PA_oobeSystem_95_ConfigureGuestAgentService_15_EnableService-RdAgent="Called=2022-08-01T05:38:17.515Z;Returned=2022-08-01T05:38:17.734Z;ErrorCode=0" />
  <Value PA_oobeSystem_95_ConfigureGuestAgentService_16_EnableService-WindowsAzureGuestAgent="Called=2022-08-01T05:38:17.765Z;Returned=2022-08-01T05:38:17.921Z;ErrorCode=0" />
  <Value PA_oobeSystem_95_ConfigureGuestAgentService_17_EnableService-WindowsAzureTelemetryService="Called=2022-08-01T05:38:17.953Z;Returned=2022-08-01T05:38:18.187Z;ErrorCode=0" />
  <Value RequiredDotNetVersionPresent="Yes" />
  <Value TransparentInstallerStatus="Started" />
  <Value GuestAgentStatus="Started" />
  <Value DHCPStatus="Succeeded;Address=http://168.63.129.16/" />
  <Value WireServerStatus="Succeeded" />
  <Value PA_oobeSystem_95_ConfigureGuestAgentService_18_StartRdAgentService="Called=2022-08-01T05:38:18.250Z;Returned=2022-08-01T05:38:18.734Z;ErrorCode=0" />
  <Value PA_oobeSystem_95_ConfigureGuestAgentService="Called=2022-08-01T05:38:10.515Z;Returned=2022-08-01T05:38:18.796Z;ErrorCode=0" />
  <Value provisioning_PA_SetupEtl="2;SetupCl;0;2022-08-01T05:36:02.841Z;2022-08-01T05:36:05.191Z 2;WinDeploy;0;2022-08-01T05:36:10.820Z; 2;Setup;0;2022-08-01T05:36:10.906Z;2022-07-31T22:37:56.360Z 1;TimeShift;0;2022-08-01T05:37:56.139Z;2022-08-01T05:37:56.139Z 1;TimeShift;1;2022-07-31T22:37:56.139Z;2022-08-01T05:37:56.139Z 2;OobeLdr;0;2022-07-31T22:37:56.405Z;2022-08-01T05:38:05.318Z 1;TimeShift;2;2022-08-01T05:37:59.918Z;2022-07-31T22:37:59.004Z 1;TimeShift;3;2022-08-01T05:38:04.924Z;2022-08-01T05:38:04.921Z" />
  <Value PA_oobeSystem_96_LogSetupTraceEvents="Called=2022-08-01T05:38:18.828Z;Returned=2022-08-01T05:38:19.906Z;ErrorCode=0" />
  <Value oobeSystem_PA_TickCount="140796" />
  <Value oobeSystem_PA_CompletionTime="2022-08-01T05:38:20.015Z" />
  <Value PA_oobeSystem_WireServer_7_POST_telemetrydata="Called=2022-08-01T05:38:20.484Z;Returned=2022-08-01T05:38:20.562Z;StatusCode=200;Attempts=1" />
  <Value PA_oobeSystem_97_SendOnPluginProvisionEnd="Called=2022-08-01T05:38:20.062Z;Returned=2022-08-01T05:38:20.578Z;ErrorCode=0" />
  <Value PA_oobeSystem_WireServer_8_POST_telemetrydata="Called=2022-08-01T05:38:21.015Z;Returned=2022-08-01T05:38:21.062Z;StatusCode=200;Attempts=1" />
  <Value PA_oobeSystem_98_SendProvisioningDiagnostics="Called=2022-08-01T05:38:20.609Z;Returned=2022-08-01T05:38:21.093Z;ErrorCode=0" />
  <Value FirstBootComplete="" />
  <Value DhcpWithFabricAddressTime="2022-08-02T02:42:59.038Z" />
  <Value GuestAgentVersion="2.7.41491.1057" />
  <Value TransparentInstallerStartTime="2022-08-02T02:43:12.713Z" />
  <Value OsVersion="Windows:Windows 10 Pro-10.0.19044.1826" />
  <Value SecAgentLauncherStatus="SecAgent Monitoring Started" />
  <Value SecAgentLauncherStartTime="2022-08-02T02:43:12.760Z" />
  <Value SecAgentExeStartTime="2022-08-04T08:44:10.312Z" />
  <Value GuestAgentStartTime="2022-08-02T02:42:56.466Z" />
  <Value FirstGoodGoalStateTime="2022-08-01T05:40:54.543Z" />
  <Value SecAgentLauncherStopTime="2022-08-02T02:42:30.681Z" />
</Root>