<?xml version="1.0" encoding="utf-8"?>
<HostingEnvironmentConfig version="1.0.0.0" goalStateIncarnation="1">
  <StoredCertificates>
    <StoredCertificate name="TenantEncryptionCert" certificateId="sha1:6BDB7374D119D9EA908531499F13FB338B592F54" storeName="My" configurationLevel="System" />
  </StoredCertificates>
  <Deployment name="0e5ee908-751b-4d0e-9673-fcc0f8a0f0c3" guid="{ed1efd4e-8b79-4639-be51-eb7d8ceb9ab7}" incarnation="0" isNonCancellableTopologyChangeEnabled="false">
    <Service name="__AkmalService" guid="{00000000-0000-0000-0000-000000000000}" />
    <ServiceInstance name="0e5ee908-751b-4d0e-9673-fcc0f8a0f0c3.0" guid="{c6df6043-c0c6-4c46-a7ea-0321cf70ab1d}" />
  </Deployment>
  <Incarnation number="1" instance="_Akmal" guid="{6f82d0e2-0a7f-42ae-a394-b4c5d382adb5}" />
  <Role guid="{1df6eb27-3d89-6c2e-4794-ca5ac14d6d56}" name="_Akmal" hostingEnvironmentVersion="1" software="" softwareType="ApplicationPackage" entryPoint="" parameters="" />
  <HostingEnvironmentSettings name="full" Runtime="rd_fabric_stable_dhf5.150807-2320.RuntimePackage_1.0.0.14.zip">
    <CAS mode="full" />
    <PrivilegeLevel mode="max" /><AdditionalProperties><CgiHandlers></CgiHandlers></AdditionalProperties></HostingEnvironmentSettings>
  <ApplicationSettings>
    <Setting name="ProvisionCertificate|TenantEncryptionCert" value="sha1:6BDB7374D119D9EA908531499F13FB338B592F54" />
  </ApplicationSettings>
</HostingEnvironmentConfig>