<?xml version="1.0" encoding="utf-8"?>
<SharedConfig version="1.0.0.0" goalStateIncarnation="1">
  <Deployment name="0e5ee908-751b-4d0e-9673-fcc0f8a0f0c3" guid="{ed1efd4e-8b79-4639-be51-eb7d8ceb9ab7}" incarnation="0" isNonCancellableTopologyChangeEnabled="false">
    <Service name="__AkmalService" guid="{00000000-0000-0000-0000-000000000000}" />
    <ServiceInstance name="0e5ee908-751b-4d0e-9673-fcc0f8a0f0c3.0" guid="{c6df6043-c0c6-4c46-a7ea-0321cf70ab1d}" />
  </Deployment>
  <Incarnation number="1" instance="_Akmal" guid="{6f82d0e2-0a7f-42ae-a394-b4c5d382adb5}" />
  <Role guid="{1df6eb27-3d89-6c2e-4794-ca5ac14d6d56}" name="_Akmal" />
  <OutputEndpoints />
  <Instances>
    <Instance id="_Akmal" address="10.15.0.4">
      <FaultDomains randomId="0" updateId="0" updateCount="0" />
      <InputEndpoints />
    </Instance>
  </Instances>
</SharedConfig>