﻿<?xml version="1.0" encoding="utf-8"?>
<Extensions version="1.0.0.0" goalStateIncarnation="1">
  <GuestAgentExtension xmlns:i="http://www.w3.org/2001/XMLSchema-instance">
    <GAFamilies>
      <GAFamily>
        <Name>Win7</Name>
        <Uris>
          <Uri>https://umsahpshkqr1dbjhsntw.blob.core.windows.net/94aa54c8-fa97-60bf-6426-fc691f622cd6/94aa54c8-fa97-60bf-6426-fc691f622cd6_manifest.xml</Uri>
          <Uri>https://umsaqd1gztdvgpg4nx5m.blob.core.windows.net/94aa54c8-fa97-60bf-6426-fc691f622cd6/94aa54c8-fa97-60bf-6426-fc691f622cd6_manifest.xml</Uri>
          <Uri>https://umsapm3szbf3rghws1zj.blob.core.windows.net/94aa54c8-fa97-60bf-6426-fc691f622cd6/94aa54c8-fa97-60bf-6426-fc691f622cd6_manifest.xml</Uri>
        </Uris>
      </GAFamily>
      <GAFamily>
        <Name>Win8</Name>
        <Uris>
          <Uri>https://umsahpshkqr1dbjhsntw.blob.core.windows.net/94aa54c8-fa97-60bf-6426-fc691f622cd6/94aa54c8-fa97-60bf-6426-fc691f622cd6_manifest.xml</Uri>
          <Uri>https://umsaqd1gztdvgpg4nx5m.blob.core.windows.net/94aa54c8-fa97-60bf-6426-fc691f622cd6/94aa54c8-fa97-60bf-6426-fc691f622cd6_manifest.xml</Uri>
          <Uri>https://umsapm3szbf3rghws1zj.blob.core.windows.net/94aa54c8-fa97-60bf-6426-fc691f622cd6/94aa54c8-fa97-60bf-6426-fc691f622cd6_manifest.xml</Uri>
        </Uris>
      </GAFamily>
    </GAFamilies>
    <Location>CanadaCentral</Location>
    <ServiceName>CRP</ServiceName>
  </GuestAgentExtension>
  <StatusUploadBlob statusBlobType="PageBlob">https://md-t5nkx0fnjftf.z41.blob.storage.azure.net/$system/Akmal.73a1c18b-34b9-4aea-b8a7-4755844a79dd.status?sv=2018-03-28&amp;sr=b&amp;sk=system-1&amp;sig=2aWpyvBO43wfZNp5uNuh5n6IeiW%2bhcAzjO1oKh2ty8Y%3d&amp;se=9999-01-01T00%3a00%3a00Z&amp;sp=w</StatusUploadBlob>
  <InVMArtifactsProfileBlob>https://md-t5nkx0fnjftf.z41.blob.storage.azure.net/$system/Akmal.73a1c18b-34b9-4aea-b8a7-4755844a79dd.vmSettings?sv=2018-03-28&amp;sr=b&amp;sk=system-1&amp;sig=TwHiffl2UOJHJnnI3AqtQ%2bpa%2bwVal87wel9N%2buelwBI%3d&amp;se=9999-01-01T00%3a00%3a00Z&amp;sp=r</InVMArtifactsProfileBlob>
  <InVMGoalStateMetaData inSvdSeqNo="1" createdOnTicks="637949289454057828" activityId="d2ac9705-8108-4d50-a350-4e9410c22635" correlationId="b6413c34-a196-441d-ac8d-ccf2c5903c85" />
</Extensions>