<?xml version="1.0" encoding="utf-8"?>
<GoalState xmlns:xsi="http://www.w3.org/2001/XMLSchema-instance" xsi:noNamespaceSchemaLocation="goalstate10.xsd">
  <Version>2015-04-05</Version>
  <Incarnation>1</Incarnation>
  <Machine>
    <ExpectedState>Started</ExpectedState>
    <StopRolesDeadlineHint>300000</StopRolesDeadlineHint>
    <LBProbePorts>
      <Port>16001</Port>
    </LBProbePorts>
    <ExpectHealthReport>FALSE</ExpectHealthReport>
  </Machine>
  <Container>
    <ContainerId>92d1cde2-b647-4219-99aa-c9b324dd46b6</ContainerId>
    <RoleInstanceList>
      <RoleInstance>
        <InstanceId>0e5ee908-751b-4d0e-9673-fcc0f8a0f0c3._Akmal</InstanceId>
        <State>Started</State>
        <Configuration>
          <HostingEnvironmentConfig>http://168.63.129.16:80/machine/92d1cde2-b647-4219-99aa-c9b324dd46b6/0e5ee908%2D751b%2D4d0e%2D9673%2Dfcc0f8a0f0c3.%5FAkmal?comp=config&amp;type=hostingEnvironmentConfig&amp;incarnation=1</HostingEnvironmentConfig>
          <SharedConfig>http://168.63.129.16:80/machine/92d1cde2-b647-4219-99aa-c9b324dd46b6/0e5ee908%2D751b%2D4d0e%2D9673%2Dfcc0f8a0f0c3.%5FAkmal?comp=config&amp;type=sharedConfig&amp;incarnation=1</SharedConfig>
          <ExtensionsConfig>http://168.63.129.16:80/machine/92d1cde2-b647-4219-99aa-c9b324dd46b6/0e5ee908%2D751b%2D4d0e%2D9673%2Dfcc0f8a0f0c3.%5FAkmal?comp=config&amp;type=extensionsConfig&amp;incarnation=1</ExtensionsConfig>
          <FullConfig>http://168.63.129.16:80/machine/92d1cde2-b647-4219-99aa-c9b324dd46b6/0e5ee908%2D751b%2D4d0e%2D9673%2Dfcc0f8a0f0c3.%5FAkmal?comp=config&amp;type=fullConfig&amp;incarnation=1</FullConfig>
          <Certificates>http://168.63.129.16:80/machine/92d1cde2-b647-4219-99aa-c9b324dd46b6/0e5ee908%2D751b%2D4d0e%2D9673%2Dfcc0f8a0f0c3.%5FAkmal?comp=certificates&amp;incarnation=1</Certificates>
          <ConfigName>0e5ee908-751b-4d0e-9673-fcc0f8a0f0c3.0.0e5ee908-751b-4d0e-9673-fcc0f8a0f0c3.0._Akmal.1.xml</ConfigName>
        </Configuration>
      </RoleInstance>
    </RoleInstanceList>
  </Container>
</GoalState>